Domain: Blocksworld,Minutes,Seconds,Milliseconds,,Minutes,Seconds,Milliseconds,,Minutes,Seconds
,,,,,,,,,,
domain skipped,,,,,,,,,,
,,,,,,,,,,
,,,,,,,,,,
domainR skipped,,,,,,,,,,
,,,,,,,,,,
,,,,,,,,,,
Problem: Blocksworld/probBLOCKS-0-0-0-0,,,,,,,,,,
,,,,,,,,,,
FastForwardR: Blocksworld/probBLOCKS-0-0-0-0,,,,,,,,,,
,,,,,Total for FFR,,,,,
real,0,0,584,,0,0,2508,,0,2.508
user,0,0,0,,,,,,,
sys,0,0,0,,,,,,,
,,,,,,,,,,
FastForward: Blocksworld/probBLOCKS-0-0-0-0,,,,,,,,,,
,,,,,Total for FF,,,,,
real,0,0,105,,0,18,3005,,0,21.005
user,0,0,0,,,,,,,
sys,0,0,0,,,,,,,
,,,,,,,,,,
PlanningFacts: Blocksworld/probBLOCKS-0-0-0-0,,,,,,,,,,
,,,,,Total for PF,,,,,
real,0,0,362,,0,18,3984,,0,21.984
user,0,0,0,,,,,,,
sys,0,0,0,,,,,,,
,,,,,,,,,,
,,,,,,,,,,
Problem: Blocksworld/probBLOCKS-0-0-0,,,,,,,,,,
,,,,,,,,,,
FastForwardR: Blocksworld/probBLOCKS-0-0-0,,,,,,,,,,
,,,,,,,,,,
real,0,0,16,,,,,,,
user,0,0,0,,,,,,,
sys,0,0,0,,,,,,,
,,,,,,,,,,
FastForward: Blocksworld/probBLOCKS-0-0-0,,,,,,,,,,
,,,,,,,,,,
real,0,0,2,,,,,,,
user,0,0,0,,,,,,,
sys,0,0,0,,,,,,,
,,,,,,,,,,
PlanningFacts: Blocksworld/probBLOCKS-0-0-0,,,,,,,,,,
,,,,,,,,,,
real,0,0,22,,,,,,,
user,0,0,0,,,,,,,
sys,0,0,0,,,,,,,
,,,,,,,,,,
,,,,,,,,,,
Problem: Blocksworld/probBLOCKS-0-0-0,,,,,,,,,,
,,,,,,,,,,
FastForwardR: Blocksworld/probBLOCKS-0-0-0,,,,,,,,,,
,,,,,,,,,,
real,0,0,119,,,,,,,
user,0,0,0,,,,,,,
sys,0,0,0,,,,,,,
,,,,,,,,,,
FastForward: Blocksworld/probBLOCKS-0-0-0,,,,,,,,,,
,,,,,,,,,,
real,0,0,1,,,,,,,
user,0,0,0,,,,,,,
sys,0,0,0,,,,,,,
,,,,,,,,,,
PlanningFacts: Blocksworld/probBLOCKS-0-0-0,,,,,,,,,,
,,,,,,,,,,
real,0,0,1,,,,,,,
user,0,0,0,,,,,,,
sys,0,0,0,,,,,,,
,,,,,,,,,,
,,,,,,,,,,
Problem: Blocksworld/probBLOCKS-0-0,,,,,,,,,,
,,,,,,,,,,
FastForwardR: Blocksworld/probBLOCKS-0-0,,,,,,,,,,
,,,,,,,,,,
real,0,0,31,,,,,,,
user,0,0,0,,,,,,,
sys,0,0,0,,,,,,,
,,,,,,,,,,
FastForward: Blocksworld/probBLOCKS-0-0,,,,,,,,,,
,,,,,,,,,,
real,0,0,2,,,,,,,
user,0,0,0,,,,,,,
sys,0,0,0,,,,,,,
,,,,,,,,,,
PlanningFacts: Blocksworld/probBLOCKS-0-0,,,,,,,,,,
,,,,,,,,,,
real,0,0,1,,,,,,,
user,0,0,0,,,,,,,
sys,0,0,0,,,,,,,
,,,,,,,,,,
,,,,,,,,,,
Problem: Blocksworld/probBLOCKS-0-0,,,,,,,,,,
,,,,,,,,,,
FastForwardR: Blocksworld/probBLOCKS-0-0,,,,,,,,,,
,,,,,,,,,,
real,0,0,11,,,,,,,
user,0,0,0,,,,,,,
sys,0,0,0,,,,,,,
,,,,,,,,,,
FastForward: Blocksworld/probBLOCKS-0-0,,,,,,,,,,
,,,,,,,,,,
real,0,0,2,,,,,,,
user,0,0,0,,,,,,,
sys,0,0,0,,,,,,,
,,,,,,,,,,
PlanningFacts: Blocksworld/probBLOCKS-0-0,,,,,,,,,,
,,,,,,,,,,
real,0,0,1,,,,,,,
user,0,0,0,,,,,,,
sys,0,0,0,,,,,,,
,,,,,,,,,,
,,,,,,,,,,
Problem: Blocksworld/probBLOCKS-10-0,,,,,,,,,,
,,,,,,,,,,
FastForwardR: Blocksworld/probBLOCKS-10-0,,,,,,,,,,
,,,,,,,,,,
real,0,0,96,,,,,,,
user,0,0,0,,,,,,,
sys,0,0,0,,,,,,,
,,,,,,,,,,
FastForward: Blocksworld/probBLOCKS-10-0,,,,,,,,,,
,,,,,,,,,,
real,0,0,5,,,,,,,
user,0,0,0,,,,,,,
sys,0,0,4,,,,,,,
,,,,,,,,,,
PlanningFacts: Blocksworld/probBLOCKS-10-0,,,,,,,,,,
,,,,,,,,,,
real,0,0,4,,,,,,,
user,0,0,0,,,,,,,
sys,0,0,0,,,,,,,
,,,,,,,,,,
,,,,,,,,,,
Problem: Blocksworld/probBLOCKS-11-0,,,,,,,,,,
,,,,,,,,,,
FastForwardR: Blocksworld/probBLOCKS-11-0,,,,,,,,,,
,,,,,,,,,,
real,0,0,68,,,,,,,
user,0,0,0,,,,,,,
sys,0,0,0,,,,,,,
,,,,,,,,,,
FastForward: Blocksworld/probBLOCKS-11-0,,,,,,,,,,
,,,,,,,,,,
real,0,0,3,,,,,,,
user,0,0,0,,,,,,,
sys,0,0,0,,,,,,,
,,,,,,,,,,
PlanningFacts: Blocksworld/probBLOCKS-11-0,,,,,,,,,,
,,,,,,,,,,
real,0,0,4,,,,,,,
user,0,0,0,,,,,,,
sys,0,0,0,,,,,,,
,,,,,,,,,,
,,,,,,,,,,
Problem: Blocksworld/probBLOCKS-12-0,,,,,,,,,,
,,,,,,,,,,
FastForwardR: Blocksworld/probBLOCKS-12-0,,,,,,,,,,
,,,,,,,,,,
real,0,0,29,,,,,,,
user,0,0,0,,,,,,,
sys,0,0,0,,,,,,,
,,,,,,,,,,
FastForward: Blocksworld/probBLOCKS-12-0,,,,,,,,,,
,,,,,,,,,,
real,0,0,15,,,,,,,
user,0,0,12,,,,,,,
sys,0,0,0,,,,,,,
,,,,,,,,,,
PlanningFacts: Blocksworld/probBLOCKS-12-0,,,,,,,,,,
,,,,,,,,,,
real,0,0,18,,,,,,,
user,0,0,20,,,,,,,
sys,0,0,0,,,,,,,
,,,,,,,,,,
,,,,,,,,,,
Problem: Blocksworld/probBLOCKS-13-0,,,,,,,,,,
,,,,,,,,,,
FastForwardR: Blocksworld/probBLOCKS-13-0,,,,,,,,,,
,,,,,,,,,,
real,0,0,44,,,,,,,
user,0,0,0,,,,,,,
sys,0,0,0,,,,,,,
,,,,,,,,,,
FastForward: Blocksworld/probBLOCKS-13-0,,,,,,,,,,
,,,,,,,,,,
real,0,0,3,,,,,,,
user,0,0,0,,,,,,,
sys,0,0,0,,,,,,,
,,,,,,,,,,
PlanningFacts: Blocksworld/probBLOCKS-13-0,,,,,,,,,,
,,,,,,,,,,
real,0,0,146,,,,,,,
user,0,0,0,,,,,,,
sys,0,0,4,,,,,,,
,,,,,,,,,,
,,,,,,,,,,
Problem: Blocksworld/probBLOCKS-14-0,,,,,,,,,,
,,,,,,,,,,
FastForwardR: Blocksworld/probBLOCKS-14-0,,,,,,,,,,
,,,,,,,,,,
real,0,0,73,,,,,,,
user,0,0,0,,,,,,,
sys,0,0,0,,,,,,,
,,,,,,,,,,
FastForward: Blocksworld/probBLOCKS-14-0,,,,,,,,,,
,,,,,,,,,,
real,0,0,3,,,,,,,
user,0,0,0,,,,,,,
sys,0,0,0,,,,,,,
,,,,,,,,,,
PlanningFacts: Blocksworld/probBLOCKS-14-0,,,,,,,,,,
,,,,,,,,,,
real,0,0,10,,,,,,,
user,0,0,8,,,,,,,
sys,0,0,0,,,,,,,
,,,,,,,,,,
,,,,,,,,,,
probBLOCKS-15-0 skipped,,,,,,,,,,
,,,,,,,,,,
,,,,,,,,,,
probblocks-17-0 skipped,,,,,,,,,,
,,,,,,,,,,
,,,,,,,,,,
probblocks-18-0 skipped,,,,,,,,,,
,,,,,,,,,,
,,,,,,,,,,
Problem: Blocksworld/probblocks-19-0,,,,,,,,,,
,,,,,,,,,,
FastForwardR: Blocksworld/probblocks-19-0,,,,,,,,,,
,,,,,,,,,,
real,0,0,53,,,,,,,
user,0,0,4,,,,,,,
sys,0,0,0,,,,,,,
,,,,,,,,,,
FastForward: Blocksworld/probblocks-19-0,,,,,,,,,,
,,,,,,,,,,
real,0,0,5,,,,,,,
user,0,0,4,,,,,,,
sys,0,0,0,,,,,,,
,,,,,,,,,,
PlanningFacts: Blocksworld/probblocks-19-0,,,,,,,,,,
,,,,,,,,,,
real,0,0,10,,,,,,,
user,0,0,8,,,,,,,
sys,0,0,0,,,,,,,
,,,,,,,,,,
,,,,,,,,,,
Problem: Blocksworld/probblocks-20-0,,,,,,,,,,
,,,,,,,,,,
FastForwardR: Blocksworld/probblocks-20-0,,,,,,,,,,
,,,,,,,,,,
real,0,0,30,,,,,,,
user,0,0,4,,,,,,,
sys,0,0,0,,,,,,,
,,,,,,,,,,
FastForward: Blocksworld/probblocks-20-0,,,,,,,,,,
,,,,,,,,,,
real,0,0,4,,,,,,,
user,0,0,0,,,,,,,
sys,0,0,4,,,,,,,
,,,,,,,,,,
PlanningFacts: Blocksworld/probblocks-20-0,,,,,,,,,,
,,,,,,,,,,
real,0,0,10,,,,,,,
user,0,0,8,,,,,,,
sys,0,0,0,,,,,,,
,,,,,,,,,,
,,,,,,,,,,
Problem: Blocksworld/probblocks-21-0,,,,,,,,,,
,,,,,,,,,,
FastForwardR: Blocksworld/probblocks-21-0,,,,,,,,,,
,,,,,,,,,,
real,0,0,30,,,,,,,
user,0,0,4,,,,,,,
sys,0,0,0,,,,,,,
,,,,,,,,,,
FastForward: Blocksworld/probblocks-21-0,,,,,,,,,,
,,,,,,,,,,
real,0,0,7,,,,,,,
user,0,0,4,,,,,,,
sys,0,0,0,,,,,,,
,,,,,,,,,,
PlanningFacts: Blocksworld/probblocks-21-0,,,,,,,,,,
,,,,,,,,,,
real,0,0,14,,,,,,,
user,0,0,12,,,,,,,
sys,0,0,0,,,,,,,
,,,,,,,,,,
,,,,,,,,,,
Problem: Blocksworld/probblocks-22-0,,,,,,,,,,
,,,,,,,,,,
FastForwardR: Blocksworld/probblocks-22-0,,,,,,,,,,
,,,,,,,,,,
real,0,0,70,,,,,,,
user,0,0,4,,,,,,,
sys,0,0,0,,,,,,,
,,,,,,,,,,
FastForward: Blocksworld/probblocks-22-0,,,,,,,,,,
,,,,,,,,,,
real,0,0,129,,,,,,,
user,0,0,128,,,,,,,
sys,0,0,0,,,,,,,
,,,,,,,,,,
PlanningFacts: Blocksworld/probblocks-22-0,,,,,,,,,,
,,,,,,,,,,
real,0,0,142,,,,,,,
user,0,0,140,,,,,,,
sys,0,0,0,,,,,,,
,,,,,,,,,,
,,,,,,,,,,
Problem: Blocksworld/probblocks-23-0,,,,,,,,,,
,,,,,,,,,,
FastForwardR: Blocksworld/probblocks-23-0,,,,,,,,,,
,,,,,,,,,,
real,0,0,28,,,,,,,
user,0,0,0,,,,,,,
sys,0,0,4,,,,,,,
,,,,,,,,,,
FastForward: Blocksworld/probblocks-23-0,,,,,,,,,,
,,,,,,,,,,
real,0,0,6,,,,,,,
user,0,0,4,,,,,,,
sys,0,0,0,,,,,,,
,,,,,,,,,,
PlanningFacts: Blocksworld/probblocks-23-0,,,,,,,,,,
,,,,,,,,,,
real,0,0,14,,,,,,,
user,0,0,12,,,,,,,
sys,0,0,0,,,,,,,
,,,,,,,,,,
,,,,,,,,,,
probblocks-24-0 skipped,,,,,,,,,,
,,,,,,,,,,
,,,,,,,,,,
Problem: Blocksworld/probblocks-25-0,,,,,,,,,,
,,,,,,,,,,
FastForwardR: Blocksworld/probblocks-25-0,,,,,,,,,,
,,,,,,,,,,
real,0,0,81,,,,,,,
user,0,0,0,,,,,,,
sys,0,0,4,,,,,,,
,,,,,,,,,,
FastForward: Blocksworld/probblocks-25-0,,,,,,,,,,
,,,,,,,,,,
real,0,0,275,,,,,,,
user,0,0,268,,,,,,,
sys,0,0,4,,,,,,,
,,,,,,,,,,
PlanningFacts: Blocksworld/probblocks-25-0,,,,,,,,,,
,,,,,,,,,,
real,0,0,294,,,,,,,
user,0,0,272,,,,,,,
sys,0,0,20,,,,,,,
,,,,,,,,,,
,,,,,,,,,,
Problem: Blocksworld/probblocks-26-0,,,,,,,,,,
,,,,,,,,,,
FastForwardR: Blocksworld/probblocks-26-0,,,,,,,,,,
,,,,,,,,,,
real,0,0,41,,,,,,,
user,0,0,4,,,,,,,
sys,0,0,0,,,,,,,
,,,,,,,,,,
FastForward: Blocksworld/probblocks-26-0,,,,,,,,,,
,,,,,,,,,,
real,0,0,9,,,,,,,
user,0,0,8,,,,,,,
sys,0,0,0,,,,,,,
,,,,,,,,,,
PlanningFacts: Blocksworld/probblocks-26-0,,,,,,,,,,
,,,,,,,,,,
real,0,0,19,,,,,,,
user,0,0,16,,,,,,,
sys,0,0,0,,,,,,,
,,,,,,,,,,
,,,,,,,,,,
Problem: Blocksworld/probblocks-27-0,,,,,,,,,,
,,,,,,,,,,
FastForwardR: Blocksworld/probblocks-27-0,,,,,,,,,,
,,,,,,,,,,
real,0,0,19,,,,,,,
user,0,0,4,,,,,,,
sys,0,0,0,,,,,,,
,,,,,,,,,,
FastForward: Blocksworld/probblocks-27-0,,,,,,,,,,
,,,,,,,,,,
real,0,0,7,,,,,,,
user,0,0,4,,,,,,,
sys,0,0,0,,,,,,,
,,,,,,,,,,
PlanningFacts: Blocksworld/probblocks-27-0,,,,,,,,,,
,,,,,,,,,,
real,0,0,19,,,,,,,
user,0,0,16,,,,,,,
sys,0,0,0,,,,,,,
,,,,,,,,,,
,,,,,,,,,,
Problem: Blocksworld/probblocks-28-0,,,,,,,,,,
,,,,,,,,,,
FastForwardR: Blocksworld/probblocks-28-0,,,,,,,,,,
,,,,,,,,,,
real,0,0,278,,,,,,,
user,0,0,4,,,,,,,
sys,0,0,0,,,,,,,
,,,,,,,,,,
FastForward: Blocksworld/probblocks-28-0,,,,,,,,,,
,,,,,,,,,,
real,0,7,685,,,,,,,
user,0,7,640,,,,,,,
sys,0,0,44,,,,,,,
,,,,,,,,,,
PlanningFacts: Blocksworld/probblocks-28-0,,,,,,,,,,
,,,,,,,,,,
real,0,7,756,,,,,,,
user,0,7,716,,,,,,,
sys,0,0,36,,,,,,,
,,,,,,,,,,
,,,,,,,,,,
Problem: Blocksworld/probblocks-29-0,,,,,,,,,,
,,,,,,,,,,
FastForwardR: Blocksworld/probblocks-29-0,,,,,,,,,,
,,,,,,,,,,
real,0,0,21,,,,,,,
user,0,0,0,,,,,,,
sys,0,0,8,,,,,,,
,,,,,,,,,,
FastForward: Blocksworld/probblocks-29-0,,,,,,,,,,
,,,,,,,,,,
real,0,0,8,,,,,,,
user,0,0,4,,,,,,,
sys,0,0,0,,,,,,,
,,,,,,,,,,
PlanningFacts: Blocksworld/probblocks-29-0,,,,,,,,,,
,,,,,,,,,,
real,0,0,22,,,,,,,
user,0,0,16,,,,,,,
sys,0,0,4,,,,,,,
,,,,,,,,,,
,,,,,,,,,,
Problem: Blocksworld/probblocks-30-0,,,,,,,,,,
,,,,,,,,,,
FastForwardR: Blocksworld/probblocks-30-0,,,,,,,,,,
,,,,,,,,,,
real,0,0,49,,,,,,,
user,0,0,4,,,,,,,
sys,0,0,4,,,,,,,
,,,,,,,,,,
FastForward: Blocksworld/probblocks-30-0,,,,,,,,,,
,,,,,,,,,,
real,0,0,9,,,,,,,
user,0,0,8,,,,,,,
sys,0,0,0,,,,,,,
,,,,,,,,,,
PlanningFacts: Blocksworld/probblocks-30-0,,,,,,,,,,
,,,,,,,,,,
real,0,0,24,,,,,,,
user,0,0,20,,,,,,,
sys,0,0,4,,,,,,,
,,,,,,,,,,
,,,,,,,,,,
probblocks-31-0 skipped,,,,,,,,,,
,,,,,,,,,,
,,,,,,,,,,
Problem: Blocksworld/probblocks-32-0,,,,,,,,,,
,,,,,,,,,,
FastForwardR: Blocksworld/probblocks-32-0,,,,,,,,,,
,,,,,,,,,,
real,0,0,36,,,,,,,
user,0,0,4,,,,,,,
sys,0,0,4,,,,,,,
,,,,,,,,,,
FastForward: Blocksworld/probblocks-32-0,,,,,,,,,,
,,,,,,,,,,
real,0,0,16,,,,,,,
user,0,0,12,,,,,,,
sys,0,0,0,,,,,,,
,,,,,,,,,,
PlanningFacts: Blocksworld/probblocks-32-0,,,,,,,,,,
,,,,,,,,,,
real,0,0,33,,,,,,,
user,0,0,32,,,,,,,
sys,0,0,0,,,,,,,
,,,,,,,,,,
,,,,,,,,,,
Problem: Blocksworld/probblocks-33-0,,,,,,,,,,
,,,,,,,,,,
FastForwardR: Blocksworld/probblocks-33-0,,,,,,,,,,
,,,,,,,,,,
real,0,0,38,,,,,,,
user,0,0,8,,,,,,,
sys,0,0,0,,,,,,,
,,,,,,,,,,
FastForward: Blocksworld/probblocks-33-0,,,,,,,,,,
,,,,,,,,,,
real,0,0,12,,,,,,,
user,0,0,8,,,,,,,
sys,0,0,0,,,,,,,
,,,,,,,,,,
PlanningFacts: Blocksworld/probblocks-33-0,,,,,,,,,,
,,,,,,,,,,
real,0,0,35,,,,,,,
user,0,0,28,,,,,,,
sys,0,0,4,,,,,,,
,,,,,,,,,,
,,,,,,,,,,
Problem: Blocksworld/probblocks-34-0,,,,,,,,,,
,,,,,,,,,,
FastForwardR: Blocksworld/probblocks-34-0,,,,,,,,,,
,,,,,,,,,,
real,0,0,32,,,,,,,
user,0,0,8,,,,,,,
sys,0,0,4,,,,,,,
,,,,,,,,,,
FastForward: Blocksworld/probblocks-34-0,,,,,,,,,,
,,,,,,,,,,
real,0,0,27,,,,,,,
user,0,0,24,,,,,,,
sys,0,0,0,,,,,,,
,,,,,,,,,,
PlanningFacts: Blocksworld/probblocks-34-0,,,,,,,,,,
,,,,,,,,,,
real,0,0,56,,,,,,,
user,0,0,48,,,,,,,
sys,0,0,4,,,,,,,
,,,,,,,,,,
,,,,,,,,,,
Problem: Blocksworld/probblocks-35-0,,,,,,,,,,
,,,,,,,,,,
FastForwardR: Blocksworld/probblocks-35-0,,,,,,,,,,
,,,,,,,,,,
real,0,0,29,,,,,,,
user,0,0,8,,,,,,,
sys,0,0,4,,,,,,,
,,,,,,,,,,
FastForward: Blocksworld/probblocks-35-0,,,,,,,,,,
,,,,,,,,,,
real,0,0,31,,,,,,,
user,0,0,24,,,,,,,
sys,0,0,4,,,,,,,
,,,,,,,,,,
PlanningFacts: Blocksworld/probblocks-35-0,,,,,,,,,,
,,,,,,,,,,
real,0,0,60,,,,,,,
user,0,0,56,,,,,,,
sys,0,0,0,,,,,,,
,,,,,,,,,,
,,,,,,,,,,
Problem: Blocksworld/probblocks-36-0,,,,,,,,,,
,,,,,,,,,,
FastForwardR: Blocksworld/probblocks-36-0,,,,,,,,,,
,,,,,,,,,,
real,0,0,39,,,,,,,
user,0,0,4,,,,,,,
sys,0,0,8,,,,,,,
,,,,,,,,,,
FastForward: Blocksworld/probblocks-36-0,,,,,,,,,,
,,,,,,,,,,
real,0,0,13,,,,,,,
user,0,0,8,,,,,,,
sys,0,0,4,,,,,,,
,,,,,,,,,,
PlanningFacts: Blocksworld/probblocks-36-0,,,,,,,,,,
,,,,,,,,,,
real,0,0,42,,,,,,,
user,0,0,40,,,,,,,
sys,0,0,0,,,,,,,
,,,,,,,,,,
,,,,,,,,,,
probblocks-37-0 skipped,,,,,,,,,,
,,,,,,,,,,
,,,,,,,,,,
Problem: Blocksworld/probblocks-38-0,,,,,,,,,,
,,,,,,,,,,
FastForwardR: Blocksworld/probblocks-38-0,,,,,,,,,,
,,,,,,,,,,
real,0,0,37,,,,,,,
user,0,0,4,,,,,,,
sys,0,0,8,,,,,,,
,,,,,,,,,,
FastForward: Blocksworld/probblocks-38-0,,,,,,,,,,
,,,,,,,,,,
real,0,0,23,,,,,,,
user,0,0,20,,,,,,,
sys,0,0,0,,,,,,,
,,,,,,,,,,
PlanningFacts: Blocksworld/probblocks-38-0,,,,,,,,,,
,,,,,,,,,,
real,0,0,59,,,,,,,
user,0,0,52,,,,,,,
sys,0,0,4,,,,,,,
,,,,,,,,,,
,,,,,,,,,,
Problem: Blocksworld/probblocks-39-0,,,,,,,,,,
,,,,,,,,,,
FastForwardR: Blocksworld/probblocks-39-0,,,,,,,,,,
,,,,,,,,,,
real,0,0,43,,,,,,,
user,0,0,8,,,,,,,
sys,0,0,8,,,,,,,
,,,,,,,,,,
FastForward: Blocksworld/probblocks-39-0,,,,,,,,,,
,,,,,,,,,,
real,0,1,445,,,,,,,
user,0,1,412,,,,,,,
sys,0,0,32,,,,,,,
,,,,,,,,,,
PlanningFacts: Blocksworld/probblocks-39-0,,,,,,,,,,
,,,,,,,,,,
real,0,1,466,,,,,,,
user,0,1,428,,,,,,,
sys,0,0,32,,,,,,,
,,,,,,,,,,
,,,,,,,,,,
Problem: Blocksworld/probblocks-40-0,,,,,,,,,,
,,,,,,,,,,
FastForwardR: Blocksworld/probblocks-40-0,,,,,,,,,,
,,,,,,,,,,
real,0,0,37,,,,,,,
user,0,0,12,,,,,,,
sys,0,0,8,,,,,,,
,,,,,,,,,,
FastForward: Blocksworld/probblocks-40-0,,,,,,,,,,
,,,,,,,,,,
real,0,0,31,,,,,,,
user,0,0,24,,,,,,,
sys,0,0,4,,,,,,,
,,,,,,,,,,
PlanningFacts: Blocksworld/probblocks-40-0,,,,,,,,,,
,,,,,,,,,,
real,0,0,72,,,,,,,
user,0,0,68,,,,,,,
sys,0,0,0,,,,,,,
,,,,,,,,,,
,,,,,,,,,,
Problem: Blocksworld/probBLOCKS-4-0,,,,,,,,,,
,,,,,,,,,,
FastForwardR: Blocksworld/probBLOCKS-4-0,,,,,,,,,,
,,,,,,,,,,
real,0,0,49,,,,,,,
user,0,0,0,,,,,,,
sys,0,0,0,,,,,,,
,,,,,,,,,,
FastForward: Blocksworld/probBLOCKS-4-0,,,,,,,,,,
,,,,,,,,,,
real,0,0,2,,,,,,,
user,0,0,0,,,,,,,
sys,0,0,0,,,,,,,
,,,,,,,,,,
PlanningFacts: Blocksworld/probBLOCKS-4-0,,,,,,,,,,
,,,,,,,,,,
real,0,0,2,,,,,,,
user,0,0,0,,,,,,,
sys,0,0,0,,,,,,,
,,,,,,,,,,
,,,,,,,,,,
Problem: Blocksworld/probblocks-41-0,,,,,,,,,,
,,,,,,,,,,
FastForwardR: Blocksworld/probblocks-41-0,,,,,,,,,,
,,,,,,,,,,
real,0,0,35,,,,,,,
user,0,0,12,,,,,,,
sys,0,0,4,,,,,,,
,,,,,,,,,,
FastForward: Blocksworld/probblocks-41-0,,,,,,,,,,
,,,,,,,,,,
real,0,0,25,,,,,,,
user,0,0,20,,,,,,,
sys,0,0,4,,,,,,,
,,,,,,,,,,
PlanningFacts: Blocksworld/probblocks-41-0,,,,,,,,,,
,,,,,,,,,,
real,0,0,71,,,,,,,
user,0,0,64,,,,,,,
sys,0,0,4,,,,,,,
,,,,,,,,,,
,,,,,,,,,,
probblocks-42-0 skipped,,,,,,,,,,
,,,,,,,,,,
,,,,,,,,,,
Problem: Blocksworld/probblocks-43-0,,,,,,,,,,
,,,,,,,,,,
FastForwardR: Blocksworld/probblocks-43-0,,,,,,,,,,
,,,,,,,,,,
real,0,0,67,,,,,,,
user,0,0,12,,,,,,,
sys,0,0,4,,,,,,,
,,,,,,,,,,
FastForward: Blocksworld/probblocks-43-0,,,,,,,,,,
,,,,,,,,,,
real,0,0,21,,,,,,,
user,0,0,8,,,,,,,
sys,0,0,12,,,,,,,
,,,,,,,,,,
PlanningFacts: Blocksworld/probblocks-43-0,,,,,,,,,,
,,,,,,,,,,
real,0,0,72,,,,,,,
user,0,0,64,,,,,,,
sys,0,0,4,,,,,,,
,,,,,,,,,,
,,,,,,,,,,
probblocks-44-0 skipped,,,,,,,,,,
,,,,,,,,,,
,,,,,,,,,,
probblocks-45-0 skipped,,,,,,,,,,
,,,,,,,,,,
,,,,,,,,,,
Problem: Blocksworld/probblocks-46-0,,,,,,,,,,
,,,,,,,,,,
FastForwardR: Blocksworld/probblocks-46-0,,,,,,,,,,
,,,,,,,,,,
real,0,0,40,,,,,,,
user,0,0,16,,,,,,,
sys,0,0,4,,,,,,,
,,,,,,,,,,
FastForward: Blocksworld/probblocks-46-0,,,,,,,,,,
,,,,,,,,,,
real,0,0,120,,,,,,,
user,0,0,120,,,,,,,
sys,0,0,0,,,,,,,
,,,,,,,,,,
PlanningFacts: Blocksworld/probblocks-46-0,,,,,,,,,,
,,,,,,,,,,
real,0,0,168,,,,,,,
user,0,0,160,,,,,,,
sys,0,0,8,,,,,,,
,,,,,,,,,,
,,,,,,,,,,
Problem: Blocksworld/probblocks-47-0,,,,,,,,,,
,,,,,,,,,,
FastForwardR: Blocksworld/probblocks-47-0,,,,,,,,,,
,,,,,,,,,,
real,0,0,43,,,,,,,
user,0,0,20,,,,,,,
sys,0,0,8,,,,,,,
,,,,,,,,,,
FastForward: Blocksworld/probblocks-47-0,,,,,,,,,,
,,,,,,,,,,
real,0,9,479,,,,,,,
user,0,9,380,,,,,,,
sys,0,0,96,,,,,,,
,,,,,,,,,,
PlanningFacts: Blocksworld/probblocks-47-0,,,,,,,,,,
,,,,,,,,,,
real,0,9,337,,,,,,,
user,0,9,220,,,,,,,
sys,0,0,112,,,,,,,
,,,,,,,,,,
,,,,,,,,,,
Problem: Blocksworld/probblocks-48-0,,,,,,,,,,
,,,,,,,,,,
FastForwardR: Blocksworld/probblocks-48-0,,,,,,,,,,
,,,,,,,,,,
real,0,0,49,,,,,,,
user,0,0,16,,,,,,,
sys,0,0,8,,,,,,,
,,,,,,,,,,
FastForward: Blocksworld/probblocks-48-0,,,,,,,,,,
,,,,,,,,,,
real,0,0,29,,,,,,,
user,0,0,20,,,,,,,
sys,0,0,8,,,,,,,
,,,,,,,,,,
PlanningFacts: Blocksworld/probblocks-48-0,,,,,,,,,,
,,,,,,,,,,
real,0,0,104,,,,,,,
user,0,0,96,,,,,,,
sys,0,0,4,,,,,,,
,,,,,,,,,,
,,,,,,,,,,
probblocks-49-0 skipped,,,,,,,,,,
,,,,,,,,,,
,,,,,,,,,,
Problem: Blocksworld/probblocks-50-0,,,,,,,,,,
,,,,,,,,,,
FastForwardR: Blocksworld/probblocks-50-0,,,,,,,,,,
,,,,,,,,,,
real,0,0,49,,,,,,,
user,0,0,20,,,,,,,
sys,0,0,8,,,,,,,
,,,,,,,,,,
FastForward: Blocksworld/probblocks-50-0,,,,,,,,,,
,,,,,,,,,,
real,0,0,59,,,,,,,
user,0,0,52,,,,,,,
sys,0,0,4,,,,,,,
,,,,,,,,,,
PlanningFacts: Blocksworld/probblocks-50-0,,,,,,,,,,
,,,,,,,,,,
real,0,0,136,,,,,,,
user,0,0,132,,,,,,,
sys,0,0,0,,,,,,,
,,,,,,,,,,
,,,,,,,,,,
Problem: Blocksworld/probBLOCKS-5-0,,,,,,,,,,
,,,,,,,,,,
FastForwardR: Blocksworld/probBLOCKS-5-0,,,,,,,,,,
,,,,,,,,,,
real,0,0,20,,,,,,,
user,0,0,0,,,,,,,
sys,0,0,0,,,,,,,
,,,,,,,,,,
FastForward: Blocksworld/probBLOCKS-5-0,,,,,,,,,,
,,,,,,,,,,
real,0,0,2,,,,,,,
user,0,0,0,,,,,,,
sys,0,0,0,,,,,,,
,,,,,,,,,,
PlanningFacts: Blocksworld/probBLOCKS-5-0,,,,,,,,,,
,,,,,,,,,,
real,0,0,2,,,,,,,
user,0,0,0,,,,,,,
sys,0,0,0,,,,,,,
,,,,,,,,,,
,,,,,,,,,,
Problem: Blocksworld/probBLOCKS-6-0,,,,,,,,,,
,,,,,,,,,,
FastForwardR: Blocksworld/probBLOCKS-6-0,,,,,,,,,,
,,,,,,,,,,
real,0,0,30,,,,,,,
user,0,0,0,,,,,,,
sys,0,0,0,,,,,,,
,,,,,,,,,,
FastForward: Blocksworld/probBLOCKS-6-0,,,,,,,,,,
,,,,,,,,,,
real,0,0,2,,,,,,,
user,0,0,0,,,,,,,
sys,0,0,0,,,,,,,
,,,,,,,,,,
PlanningFacts: Blocksworld/probBLOCKS-6-0,,,,,,,,,,
,,,,,,,,,,
real,0,0,2,,,,,,,
user,0,0,0,,,,,,,
sys,0,0,0,,,,,,,
,,,,,,,,,,
,,,,,,,,,,
Problem: Blocksworld/probBLOCKS-7-0,,,,,,,,,,
,,,,,,,,,,
FastForwardR: Blocksworld/probBLOCKS-7-0,,,,,,,,,,
,,,,,,,,,,
real,0,0,17,,,,,,,
user,0,0,0,,,,,,,
sys,0,0,0,,,,,,,
,,,,,,,,,,
FastForward: Blocksworld/probBLOCKS-7-0,,,,,,,,,,
,,,,,,,,,,
real,0,0,2,,,,,,,
user,0,0,0,,,,,,,
sys,0,0,0,,,,,,,
,,,,,,,,,,
PlanningFacts: Blocksworld/probBLOCKS-7-0,,,,,,,,,,
,,,,,,,,,,
real,0,0,2,,,,,,,
user,0,0,0,,,,,,,
sys,0,0,4,,,,,,,
,,,,,,,,,,
,,,,,,,,,,
Problem: Blocksworld/probBLOCKS-8-0,,,,,,,,,,
,,,,,,,,,,
FastForwardR: Blocksworld/probBLOCKS-8-0,,,,,,,,,,
,,,,,,,,,,
real,0,0,17,,,,,,,
user,0,0,0,,,,,,,
sys,0,0,0,,,,,,,
,,,,,,,,,,
FastForward: Blocksworld/probBLOCKS-8-0,,,,,,,,,,
,,,,,,,,,,
real,0,0,2,,,,,,,
user,0,0,0,,,,,,,
sys,0,0,0,,,,,,,
,,,,,,,,,,
PlanningFacts: Blocksworld/probBLOCKS-8-0,,,,,,,,,,
,,,,,,,,,,
real,0,0,2,,,,,,,
user,0,0,0,,,,,,,
sys,0,0,0,,,,,,,
,,,,,,,,,,
,,,,,,,,,,
Problem: Blocksworld/probBLOCKS-9-0,,,,,,,,,,
,,,,,,,,,,
FastForwardR: Blocksworld/probBLOCKS-9-0,,,,,,,,,,
,,,,,,,,,,
real,0,0,30,,,,,,,
user,0,0,0,,,,,,,
sys,0,0,0,,,,,,,
,,,,,,,,,,
FastForward: Blocksworld/probBLOCKS-9-0,,,,,,,,,,
,,,,,,,,,,
real,0,1,379,,,,,,,
user,0,1,364,,,,,,,
sys,0,0,12,,,,,,,
,,,,,,,,,,
PlanningFacts: Blocksworld/probBLOCKS-9-0,,,,,,,,,,
,,,,,,,,,,
real,0,1,370,,,,,,,
user,0,1,324,,,,,,,
sys,0,0,44,,,,,,,
